Workbook

Sheet Январь
A1: ФИО | B1: Должность | C1: Оклад | D1: Премия | E1: Заработна плата | K1: Должность | L1: Оклад
A2: Сотрудник номер 1 | B2: Ниже примеры формулы: ИНДЕКС($K$2:$K$6; СЛУЧМЕЖДУ(1; СЧЁТЗ($K$2:$K$6))) | C2: ВПР (Должность; Таблица номер 2; столбец оклада; 0 | D2: СЛУЧМЕЖДУ (Первое число; Второе число) | E2: Оклад + Премия | K2: Директор | L2: 3400
A3: Сотрудник номер 2 | B3: {=INDEX($K$2:$K$6, RANDBETWEEN(1, COUNTA($K$2:$K$6)))} -> Курьер | C3: =VLOOKUP(B3, $K$2:$L$6, 2,0) -> 1500 | D3: =RANDBETWEEN(1500,3400) -> 2833 | E3: =C3+D3 -> 4333 | K3: Админимстратор | L3: 2999
A4: Сотрудник номер 3 | B4: {=INDEX($K$2:$K$6, RANDBETWEEN(1, COUNTA($K$2:$K$6)))} -> Админимстратор | C4: =VLOOKUP(B3, $K$2:$L$6, 2,0) -> 1500 | D4: =RANDBETWEEN(1500,3400) -> 1759 | E4: =C3+D3 -> 4333 | K4: Бариста | L4: 2300
A5: Сотрудник номер 4 | B5: {=INDEX($K$2:$K$6, RANDBETWEEN(1, COUNTA($K$2:$K$6)))} -> Уборщик | C5: =VLOOKUP(B4, $K$2:$L$6, 2,0) -> 2999 | D5: =RANDBETWEEN(1500,3400) -> 2586 | E5: =C4+D4 -> 3259 | K5: Уборщик | L5: 1200
A6: Сотрудник номер 5 | B6: {=INDEX($K$2:$K$6, RANDBETWEEN(1, COUNTA($K$2:$K$6)))} -> Уборщик | C6: =VLOOKUP(B5, $K$2:$L$6, 2,0) -> 1200 | D6: =RANDBETWEEN(1500,3400) -> 2298 | E6: =C5+D5 -> 5585 | K6: Курьер | L6: 1500
A7: Сотрудник номер 6 | B7: {=INDEX($K$2:$K$6, RANDBETWEEN(1, COUNTA($K$2:$K$6)))} -> Админимстратор | C7: =VLOOKUP(B6, $K$2:$L$6, 2,0) -> 1200 | D7: =RANDBETWEEN(1500,3400) -> 2893 | E7: =C6+D6 -> 3498
A8: Сотрудник номер 7 | B8: {=INDEX($K$2:$K$6, RANDBETWEEN(1, COUNTA($K$2:$K$6)))} -> Админимстратор | C8: =VLOOKUP(B7, $K$2:$L$6, 2,0) -> 2999 | D8: =RANDBETWEEN(1500,3400) -> 2913 | E8: =C7+D7 -> 4093
A9: Сотрудник номер 8 | B9: {=INDEX($K$2:$K$6, RANDBETWEEN(1, COUNTA($K$2:$K$6)))} -> Курьер | C9: =VLOOKUP(B8, $K$2:$L$6, 2,0) -> 2999 | D9: =RANDBETWEEN(1500,3400) -> 2725 | E9: =C8+D8 -> 5912
A10: Сотрудник номер 9 | B10: {=INDEX($K$2:$K$6, RANDBETWEEN(1, COUNTA($K$2:$K$6)))} -> Админимстратор | C10: =VLOOKUP(B9, $K$2:$L$6, 2,0) -> 1500 | D10: =RANDBETWEEN(1500,3400) -> 2332 | E10: =C9+D9 -> 5724
A11: Сотрудник номер 10 | B11: {=INDEX($K$2:$K$6, RANDBETWEEN(1, COUNTA($K$2:$K$6)))} -> Бариста | C11: =VLOOKUP(B10, $K$2:$L$6, 2,0) -> 2999 | D11: =RANDBETWEEN(1500,3400) -> 2101 | E11: =C10+D10 -> 3832
A12: Сотрудник номер 11 | B12: {=INDEX($K$2:$K$6, RANDBETWEEN(1, COUNTA($K$2:$K$6)))} -> Директор | C12: =VLOOKUP(B11, $K$2:$L$6, 2,0) -> 2300 | D12: =RANDBETWEEN(1500,3400) -> 1945 | E12: =C11+D11 -> 5100
A13: Сотрудник номер 12 | B13: {=INDEX($K$2:$K$6, RANDBETWEEN(1, COUNTA($K$2:$K$6)))} -> Бариста | C13: =VLOOKUP(B12, $K$2:$L$6, 2,0) -> 3400 | D13: =RANDBETWEEN(1500,3400) -> 1817 | E13: =C12+D12 -> 4245
A14: Сотрудник номер 13 | B14: {=INDEX($K$2:$K$6, RANDBETWEEN(1, COUNTA($K$2:$K$6)))} -> Админимстратор | C14: =VLOOKUP(B13, $K$2:$L$6, 2,0) -> 2300 | D14: =RANDBETWEEN(1500,3400) -> 1801 | E14: =C13+D13 -> 5217
A15: Сотрудник номер 14 | B15: {=INDEX($K$2:$K$6, RANDBETWEEN(1, COUNTA($K$2:$K$6)))} -> Директор | C15: =VLOOKUP(B14, $K$2:$L$6, 2,0) -> 2999 | D15: =RANDBETWEEN(1500,3400) -> 2886 | E15: =C14+D14 -> 4101
A16: Сотрудник номер 15 | B16: {=INDEX($K$2:$K$6, RANDBETWEEN(1, COUNTA($K$2:$K$6)))} -> Уборщик | C16: =VLOOKUP(B15, $K$2:$L$6, 2,0) -> 3400 | D16: =RANDBETWEEN(1500,3400) -> 2676 | E16: =C15+D15 -> 5885
A17: Сотрудник номер 16 | B17: {=INDEX($K$2:$K$6, RANDBETWEEN(1, COUNTA($K$2:$K$6)))} -> Уборщик | C17: =VLOOKUP(B16, $K$2:$L$6, 2,0) -> 1200 | D17: =RANDBETWEEN(1500,3400) -> 3278 | E17: =C16+D16 -> 6076
A18: Сотрудник номер 17 | B18: {=INDEX($K$2:$K$6, RANDBETWEEN(1, COUNTA($K$2:$K$6)))} -> Уборщик | C18: =VLOOKUP(B17, $K$2:$L$6, 2,0) -> 1200 | D18: =RANDBETWEEN(1500,3400) -> 1504 | E18: =C17+D17 -> 4478
... A31: Сотрудник номер 30 | B31: {=INDEX($K$2:$K$6, RANDBETWEEN(1, COUNTA($K$2:$K$6)))} -> Курьер | C31: =VLOOKUP(B30, $K$2:$L$6, 2,0) -> 1200 | D31: =RANDBETWEEN(1500,3400) -> 2584 | E31: =C30+D30 -> 4231

Sheet Февраль
A1: ФИО | B1: Должность | C1: Оклад | D1: Премия | E1: Заработна плата | K1: Должность | L1: Оклад
A2: Сотрудник номер 1 | B2: Курьер | C2: =VLOOKUP(B2, $K$2:$L$6, 2,0) -> 6500 | D2: =RANDBETWEEN(1500,3400) -> 2562 | E2: =C2+D2 -> 9062 | K2: Директор | L2: 4800
A3: Сотрудник номер 2 | B3: {=INDEX($K$2:$K$6, RANDBETWEEN(1, COUNTA($K$2:$K$6)))} -> Курьер | C3: =VLOOKUP(B3, $K$2:$L$6, 2,0) -> 6500 | D3: =RANDBETWEEN(1500,3400) -> 2725 | E3: =C3+D3 -> 9225 | K3: Админимстратор | L3: 4999
A4: Сотрудник номер 3 | B4: {=INDEX($K$2:$K$6, RANDBETWEEN(1, COUNTA($K$2:$K$6)))} -> Бариста | C4: =VLOOKUP(B3, $K$2:$L$6, 2,0) -> 6500 | D4: =RANDBETWEEN(1500,3400) -> 3157 | E4: =C3+D3 -> 9225 | K4: Бариста | L4: 7300
A5: Сотрудник номер 4 | B5: {=INDEX($K$2:$K$6, RANDBETWEEN(1, COUNTA($K$2:$K$6)))} -> Курьер | C5: =VLOOKUP(B4, $K$2:$L$6, 2,0) -> 7300 | D5: =RANDBETWEEN(1500,3400) -> 1998 | E5: =C4+D4 -> 9657 | K5: Уборщик | L5: 5200
A6: Сотрудник номер 5 | B6: {=INDEX($K$2:$K$6, RANDBETWEEN(1, COUNTA($K$2:$K$6)))} -> Админимстратор | C6: =VLOOKUP(B5, $K$2:$L$6, 2,0) -> 6500 | D6: =RANDBETWEEN(1500,3400) -> 2667 | E6: =C5+D5 -> 9298 | K6: Курьер | L6: 6500
A7: Сотрудник номер 6 | B7: {=INDEX($K$2:$K$6, RANDBETWEEN(1, COUNTA($K$2:$K$6)))} -> Бариста | C7: =VLOOKUP(B6, $K$2:$L$6, 2,0) -> 4999 | D7: =RANDBETWEEN(1500,3400) -> 2152 | E7: =C6+D6 -> 9167
A8: Сотрудник номер 7 | B8: {=INDEX($K$2:$K$6, RANDBETWEEN(1, COUNTA($K$2:$K$6)))} -> Админимстратор | C8: =VLOOKUP(B7, $K$2:$L$6, 2,0) -> 7300 | D8: =RANDBETWEEN(1500,3400) -> 3022 | E8: =C7+D7 -> 7151
A9: Сотрудник номер 8 | B9: {=INDEX($K$2:$K$6, RANDBETWEEN(1, COUNTA($K$2:$K$6)))} -> Директор | C9: =VLOOKUP(B8, $K$2:$L$6, 2,0) -> 4999 | D9: =RANDBETWEEN(1500,3400) -> 3335 | E9: =C8+D8 -> 10322
A10: Сотрудник номер 9 | B10: {=INDEX($K$2:$K$6, RANDBETWEEN(1, COUNTA($K$2:$K$6)))} -> Директор | C10: =VLOOKUP(B9, $K$2:$L$6, 2,0) -> 4800 | D10: =RANDBETWEEN(1500,3400) -> 3349 | E10: =C9+D9 -> 8334
A11: Сотрудник номер 10 | B11: {=INDEX($K$2:$K$6, RANDBETWEEN(1, COUNTA($K$2:$K$6)))} -> Курьер | C11: =VLOOKUP(B10, $K$2:$L$6, 2,0) -> 4800 | D11: =RANDBETWEEN(1500,3400) -> 1941 | E11: =C10+D10 -> 8149
A12: Сотрудник номер 11 | B12: {=INDEX($K$2:$K$6, RANDBETWEEN(1, COUNTA($K$2:$K$6)))} -> Директор | C12: =VLOOKUP(B11, $K$2:$L$6, 2,0) -> 6500 | D12: =RANDBETWEEN(1500,3400) -> 3392 | E12: =C11+D11 -> 6741
A13: Сотрудник номер 12 | B13: {=INDEX($K$2:$K$6, RANDBETWEEN(1, COUNTA($K$2:$K$6)))} -> Админимстратор | C13: =VLOOKUP(B12, $K$2:$L$6, 2,0) -> 4800 | D13: =RANDBETWEEN(1500,3400) -> 1949 | E13: =C12+D12 -> 9892
A14: Сотрудник номер 13 | B14: {=INDEX($K$2:$K$6, RANDBETWEEN(1, COUNTA($K$2:$K$6)))} -> Уборщик | C14: =VLOOKUP(B13, $K$2:$L$6, 2,0) -> 4999 | D14: =RANDBETWEEN(1500,3400) -> 2269 | E14: =C13+D13 -> 6749
A15: Сотрудник номер 14 | B15: {=INDEX($K$2:$K$6, RANDBETWEEN(1, COUNTA($K$2:$K$6)))} -> Админимстратор | C15: =VLOOKUP(B14, $K$2:$L$6, 2,0) -> 5200 | D15: =RANDBETWEEN(1500,3400) -> 2016 | E15: =C14+D14 -> 7268
A16: Сотрудник номер 15 | B16: {=INDEX($K$2:$K$6, RANDBETWEEN(1, COUNTA($K$2:$K$6)))} -> Админимстратор | C16: =VLOOKUP(B15, $K$2:$L$6, 2,0) -> 4999 | D16: =RANDBETWEEN(1500,3400) -> 2157 | E16: =C15+D15 -> 7216
A17: Сотрудник номер 16 | B17: {=INDEX($K$2:$K$6, RANDBETWEEN(1, COUNTA($K$2:$K$6)))} -> Уборщик | C17: =VLOOKUP(B16, $K$2:$L$6, 2,0) -> 4999 | D17: =RANDBETWEEN(1500,3400) -> 3105 | E17: =C16+D16 -> 7156
A18: Сотрудник номер 17 | B18: {=INDEX($K$2:$K$6, RANDBETWEEN(1, COUNTA($K$2:$K$6)))} -> Курьер | C18: =VLOOKUP(B17, $K$2:$L$6, 2,0) -> 5200 | D18: =RANDBETWEEN(1500,3400) -> 1539 | E18: =C17+D17 -> 8104
... A31: Сотрудник номер 30 | B31: {=INDEX($K$2:$K$6, RANDBETWEEN(1, COUNTA($K$2:$K$6)))} -> Админимстратор | C31: =VLOOKUP(B30, $K$2:$L$6, 2,0) -> 4999 | D31: =RANDBETWEEN(1500,3400) -> 2085 | E31: =C30+D30 -> 8721

Sheet Март
A1: ФИО | B1: Должность | C1: Оклад | D1: Премия | E1: Заработна плата | K1: Должность | L1: Оклад
A2: Сотрудник номер 1 | B2: {=INDEX($K$2:$K$6, RANDBETWEEN(1, COUNTA($K$2:$K$6)))} -> Директор | C2: =VLOOKUP(B2, $K$2:$L$6, 2,0) -> 4500 | D2: =RANDBETWEEN(1500,3400) -> 1961 | E2: =C2+D2 -> 6461 | K2: Директор | L2: 4500
A3: Сотрудник номер 2 | B3: {=INDEX($K$2:$K$6, RANDBETWEEN(1, COUNTA($K$2:$K$6)))} -> Директор | C3: =VLOOKUP(B3, $K$2:$L$6, 2,0) -> 4500 | D3: =RANDBETWEEN(1500,3400) -> 2680 | E3: =C3+D3 -> 7180 | K3: Админимстратор | L3: 3600
A4: Сотрудник номер 3 | B4: {=INDEX($K$2:$K$6, RANDBETWEEN(1, COUNTA($K$2:$K$6)))} -> Бариста | C4: =VLOOKUP(B3, $K$2:$L$6, 2,0) -> 4500 | D4: =RANDBETWEEN(1500,3400) -> 2141 | E4: =C3+D3 -> 7180 | K4: Бариста | L4: 4540
A5: Сотрудник номер 4 | B5: {=INDEX($K$2:$K$6, RANDBETWEEN(1, COUNTA($K$2:$K$6)))} -> Курьер | C5: =VLOOKUP(B4, $K$2:$L$6, 2,0) -> 4540 | D5: =RANDBETWEEN(1500,3400) -> 2841 | E5: =C4+D4 -> 6641 | K5: Уборщик | L5: 3450
A6: Сотрудник номер 5 | B6: {=INDEX($K$2:$K$6, RANDBETWEEN(1, COUNTA($K$2:$K$6)))} -> Уборщик | C6: =VLOOKUP(B5, $K$2:$L$6, 2,0) -> 3300 | D6: =RANDBETWEEN(1500,3400) -> 2516 | E6: =C5+D5 -> 7381 | K6: Курьер | L6: 3300
A7: Сотрудник номер 6 | B7: {=INDEX($K$2:$K$6, RANDBETWEEN(1, COUNTA($K$2:$K$6)))} -> Курьер | C7: =VLOOKUP(B6, $K$2:$L$6, 2,0) -> 3450 | D7: =RANDBETWEEN(1500,3400) -> 2273 | E7: =C6+D6 -> 5816
A8: Сотрудник номер 7 | B8: {=INDEX($K$2:$K$6, RANDBETWEEN(1, COUNTA($K$2:$K$6)))} -> Бариста | C8: =VLOOKUP(B7, $K$2:$L$6, 2,0) -> 3300 | D8: =RANDBETWEEN(1500,3400) -> 1568 | E8: =C7+D7 -> 5723
A9: Сотрудник номер 8 | B9: {=INDEX($K$2:$K$6, RANDBETWEEN(1, COUNTA($K$2:$K$6)))} -> Директор | C9: =VLOOKUP(B8, $K$2:$L$6, 2,0) -> 4540 | D9: =RANDBETWEEN(1500,3400) -> 3313 | E9: =C8+D8 -> 4868
A10: Сотрудник номер 9 | B10: {=INDEX($K$2:$K$6, RANDBETWEEN(1, COUNTA($K$2:$K$6)))} -> Уборщик | C10: =VLOOKUP(B9, $K$2:$L$6, 2,0) -> 4500 | D10: =RANDBETWEEN(1500,3400) -> 1650 | E10: =C9+D9 -> 7853
A11: Сотрудник номер 10 | B11: {=INDEX($K$2:$K$6, RANDBETWEEN(1, COUNTA($K$2:$K$6)))} -> Уборщик | C11: =VLOOKUP(B10, $K$2:$L$6, 2,0) -> 3450 | D11: =RANDBETWEEN(1500,3400) -> 1696 | E11: =C10+D10 -> 6150
A12: Сотрудник номер 11 | B12: {=INDEX($K$2:$K$6, RANDBETWEEN(1, COUNTA($K$2:$K$6)))} -> Бариста | C12: =VLOOKUP(B11, $K$2:$L$6, 2,0) -> 3450 | D12: =RANDBETWEEN(1500,3400) -> 3264 | E12: =C11+D11 -> 5146
A13: Сотрудник номер 12 | B13: {=INDEX($K$2:$K$6, RANDBETWEEN(1, COUNTA($K$2:$K$6)))} -> Уборщик | C13: =VLOOKUP(B12, $K$2:$L$6, 2,0) -> 4540 | D13: =RANDBETWEEN(1500,3400) -> 1696 | E13: =C12+D12 -> 6714
A14: Сотрудник номер 13 | B14: {=INDEX($K$2:$K$6, RANDBETWEEN(1, COUNTA($K$2:$K$6)))} -> Админимстратор | C14: =VLOOKUP(B13, $K$2:$L$6, 2,0) -> 3450 | D14: =RANDBETWEEN(1500,3400) -> 3111 | E14: =C13+D13 -> 6236
A15: Сотрудник номер 14 | B15: {=INDEX($K$2:$K$6, RANDBETWEEN(1, COUNTA($K$2:$K$6)))} -> Курьер | C15: =VLOOKUP(B14, $K$2:$L$6, 2,0) -> 3600 | D15: =RANDBETWEEN(1500,3400) -> 1981 | E15: =C14+D14 -> 6561
A16: Сотрудник номер 15 | B16: {=INDEX($K$2:$K$6, RANDBETWEEN(1, COUNTA($K$2:$K$6)))} -> Админимстратор | C16: =VLOOKUP(B15, $K$2:$L$6, 2,0) -> 3300 | D16: =RANDBETWEEN(1500,3400) -> 3333 | E16: =C15+D15 -> 5581
A17: Сотрудник номер 16 | B17: {=INDEX($K$2:$K$6, RANDBETWEEN(1, COUNTA($K$2:$K$6)))} -> Директор | C17: =VLOOKUP(B16, $K$2:$L$6, 2,0) -> 3600 | D17: =RANDBETWEEN(1500,3400) -> 3040 | E17: =C16+D16 -> 6633
A18: Сотрудник номер 17 | B18: {=INDEX($K$2:$K$6, RANDBETWEEN(1, COUNTA($K$2:$K$6)))} -> Уборщик | C18: =VLOOKUP(B17, $K$2:$L$6, 2,0) -> 4500 | D18: =RANDBETWEEN(1500,3400) -> 3123 | E18: =C17+D17 -> 6640
... A31: Сотрудник номер 30 | B31: {=INDEX($K$2:$K$6, RANDBETWEEN(1, COUNTA($K$2:$K$6)))} -> Админимстратор | C31: =VLOOKUP(B30, $K$2:$L$6, 2,0) -> 3450 | D31: =RANDBETWEEN(1500,3400) -> 2442 | E31: =C30+D30 -> 5322

Sheet Апрель
A1: ФИО | B1: Должность | C1: Оклад | D1: Премия | E1: Заработна плата | K1: Должность | L1: Оклад
A2: Сотрудник номер 1 | B2: {=INDEX($K$2:$K$6, RANDBETWEEN(1, COUNTA($K$2:$K$6)))} -> Уборщик | C2: =VLOOKUP(B2, $K$2:$L$6, 2,0) -> 3257 | D2: =RANDBETWEEN(1500,3400) -> 1570 | E2: =C2+D2 -> 4827 | K2: Директор | L2: 5000
A3: Сотрудник номер 2 | B3: {=INDEX($K$2:$K$6, RANDBETWEEN(1, COUNTA($K$2:$K$6)))} -> Админимстратор | C3: =VLOOKUP(B3, $K$2:$L$6, 2,0) -> 3500 | D3: =RANDBETWEEN(1500,3400) -> 2093 | E3: =C3+D3 -> 5593 | K3: Админимстратор | L3: 3500
A4: Сотрудник номер 3 | B4: {=INDEX($K$2:$K$6, RANDBETWEEN(1, COUNTA($K$2:$K$6)))} -> Курьер | C4: =VLOOKUP(B3, $K$2:$L$6, 2,0) -> 3500 | D4: =RANDBETWEEN(1500,3400) -> 2773 | E4: =C3+D3 -> 5593 | K4: Бариста | L4: 3400
A5: Сотрудник номер 4 | B5: {=INDEX($K$2:$K$6, RANDBETWEEN(1, COUNTA($K$2:$K$6)))} -> Директор | C5: =VLOOKUP(B4, $K$2:$L$6, 2,0) -> 3789 | D5: =RANDBETWEEN(1500,3400) -> 3153 | E5: =C4+D4 -> 6273 | K5: Уборщик | L5: 3257
A6: Сотрудник номер 5 | B6: {=INDEX($K$2:$K$6, RANDBETWEEN(1, COUNTA($K$2:$K$6)))} -> Курьер | C6: =VLOOKUP(B5, $K$2:$L$6, 2,0) -> 5000 | D6: =RANDBETWEEN(1500,3400) -> 1906 | E6: =C5+D5 -> 6942 | K6: Курьер | L6: 3789
A7: Сотрудник номер 6 | B7: {=INDEX($K$2:$K$6, RANDBETWEEN(1, COUNTA($K$2:$K$6)))} -> Директор | C7: =VLOOKUP(B6, $K$2:$L$6, 2,0) -> 3789 | D7: =RANDBETWEEN(1500,3400) -> 1615 | E7: =C6+D6 -> 6906
A8: Сотрудник номер 7 | B8: {=INDEX($K$2:$K$6, RANDBETWEEN(1, COUNTA($K$2:$K$6)))} -> Директор | C8: =VLOOKUP(B7, $K$2:$L$6, 2,0) -> 5000 | D8: =RANDBETWEEN(1500,3400) -> 2286 | E8: =C7+D7 -> 5404
A9: Сотрудник номер 8 | B9: {=INDEX($K$2:$K$6, RANDBETWEEN(1, COUNTA($K$2:$K$6)))} -> Директор | C9: =VLOOKUP(B8, $K$2:$L$6, 2,0) -> 5000 | D9: =RANDBETWEEN(1500,3400) -> 3174 | E9: =C8+D8 -> 7286
A10: Сотрудник номер 9 | B10: {=INDEX($K$2:$K$6, RANDBETWEEN(1, COUNTA($K$2:$K$6)))} -> Директор | C10: =VLOOKUP(B9, $K$2:$L$6, 2,0) -> 5000 | D10: =RANDBETWEEN(1500,3400) -> 2882 | E10: =C9+D9 -> 8174
A11: Сотрудник номер 10 | B11: {=INDEX($K$2:$K$6, RANDBETWEEN(1, COUNTA($K$2:$K$6)))} -> Бариста | C11: =VLOOKUP(B10, $K$2:$L$6, 2,0) -> 5000 | D11: =RANDBETWEEN(1500,3400) -> 2492 | E11: =C10+D10 -> 7882
A12: Сотрудник номер 11 | B12: {=INDEX($K$2:$K$6, RANDBETWEEN(1, COUNTA($K$2:$K$6)))} -> Бариста | C12: =VLOOKUP(B11, $K$2:$L$6, 2,0) -> 3400 | D12: =RANDBETWEEN(1500,3400) -> 2908 | E12: =C11+D11 -> 7492
A13: Сотрудник номер 12 | B13: {=INDEX($K$2:$K$6, RANDBETWEEN(1, COUNTA($K$2:$K$6)))} -> Бариста | C13: =VLOOKUP(B12, $K$2:$L$6, 2,0) -> 3400 | D13: =RANDBETWEEN(1500,3400) -> 2037 | E13: =C12+D12 -> 6308
A14: Сотрудник номер 13 | B14: {=INDEX($K$2:$K$6, RANDBETWEEN(1, COUNTA($K$2:$K$6)))} -> Админимстратор | C14: =VLOOKUP(B13, $K$2:$L$6, 2,0) -> 3400 | D14: =RANDBETWEEN(1500,3400) -> 2162 | E14: =C13+D13 -> 5437
A15: Сотрудник номер 14 | B15: {=INDEX($K$2:$K$6, RANDBETWEEN(1, COUNTA($K$2:$K$6)))} -> Директор | C15: =VLOOKUP(B14, $K$2:$L$6, 2,0) -> 3500 | D15: =RANDBETWEEN(1500,3400) -> 2101 | E15: =C14+D14 -> 5562
A16: Сотрудник номер 15 | B16: {=INDEX($K$2:$K$6, RANDBETWEEN(1, COUNTA($K$2:$K$6)))} -> Админимстратор | C16: =VLOOKUP(B15, $K$2:$L$6, 2,0) -> 5000 | D16: =RANDBETWEEN(1500,3400) -> 2361 | E16: =C15+D15 -> 5601
A17: Сотрудник номер 16 | B17: {=INDEX($K$2:$K$6, RANDBETWEEN(1, COUNTA($K$2:$K$6)))} -> Админимстратор | C17: =VLOOKUP(B16, $K$2:$L$6, 2,0) -> 3500 | D17: =RANDBETWEEN(1500,3400) -> 2251 | E17: =C16+D16 -> 7361
A18: Сотрудник номер 17 | B18: {=INDEX($K$2:$K$6, RANDBETWEEN(1, COUNTA($K$2:$K$6)))} -> Уборщик | C18: =VLOOKUP(B17, $K$2:$L$6, 2,0) -> 3500 | D18: =RANDBETWEEN(1500,3400) -> 3025 | E18: =C17+D17 -> 5751
... A31: Сотрудник номер 30 | B31: {=INDEX($K$2:$K$6, RANDBETWEEN(1, COUNTA($K$2:$K$6)))} -> Курьер | C31: =VLOOKUP(B30, $K$2:$L$6, 2,0) -> 3400 | D31: =RANDBETWEEN(1500,3400) -> 2983 | E31: =C30+D30 -> 5753

Sheet Май
A1: ФИО | B1: Должность | C1: Оклад | D1: Премия | E1: Заработна плата | K1: Должность | L1: Оклад
A2: Сотрудник номер 1 | B2: {=INDEX($K$2:$K$6, RANDBETWEEN(1, COUNTA($K$2:$K$6)))} -> Уборщик | C2: =VLOOKUP(B2, $K$2:$L$6, 2,0) -> 6800 | D2: =RANDBETWEEN(1500,3400) -> 2458 | E2: =C2+D2 -> 9258 | K2: Директор | L2: 8400
A3: Сотрудник номер 2 | B3: {=INDEX($K$2:$K$6, RANDBETWEEN(1, COUNTA($K$2:$K$6)))} -> Админимстратор | C3: =VLOOKUP(B3, $K$2:$L$6, 2,0) -> 7999 | D3: =RANDBETWEEN(1500,3400) -> 3111 | E3: =C3+D3 -> 11110 | K3: Админимстратор | L3: 7999
A4: Сотрудник номер 3 | B4: {=INDEX($K$2:$K$6, RANDBETWEEN(1, COUNTA($K$2:$K$6)))} -> Директор | C4: =VLOOKUP(B3, $K$2:$L$6, 2,0) -> 7999 | D4: =RANDBETWEEN(1500,3400) -> 1698 | E4: =C3+D3 -> 11110 | K4: Бариста | L4: 7300
A5: Сотрудник номер 4 | B5: {=INDEX($K$2:$K$6, RANDBETWEEN(1, COUNTA($K$2:$K$6)))} -> Директор | C5: =VLOOKUP(B4, $K$2:$L$6, 2,0) -> 8400 | D5: =RANDBETWEEN(1500,3400) -> 2517 | E5: =C4+D4 -> 9697 | K5: Уборщик | L5: 6800
A6: Сотрудник номер 5 | B6: {=INDEX($K$2:$K$6, RANDBETWEEN(1, COUNTA($K$2:$K$6)))} -> Курьер | C6: =VLOOKUP(B5, $K$2:$L$6, 2,0) -> 8400 | D6: =RANDBETWEEN(1500,3400) -> 2425 | E6: =C5+D5 -> 10917 | K6: Курьер | L6: 6500
A7: Сотрудник номер 6 | B7: {=INDEX($K$2:$K$6, RANDBETWEEN(1, COUNTA($K$2:$K$6)))} -> Курьер | C7: =VLOOKUP(B6, $K$2:$L$6, 2,0) -> 6500 | D7: =RANDBETWEEN(1500,3400) -> 2221 | E7: =C6+D6 -> 10825
A8: Сотрудник номер 7 | B8: {=INDEX($K$2:$K$6, RANDBETWEEN(1, COUNTA($K$2:$K$6)))} -> Уборщик | C8: =VLOOKUP(B7, $K$2:$L$6, 2,0) -> 6500 | D8: =RANDBETWEEN(1500,3400) -> 3044 | E8: =C7+D7 -> 8721
A9: Сотрудник номер 8 | B9: {=INDEX($K$2:$K$6, RANDBETWEEN(1, COUNTA($K$2:$K$6)))} -> Уборщик | C9: =VLOOKUP(B8, $K$2:$L$6, 2,0) -> 6800 | D9: =RANDBETWEEN(1500,3400) -> 2771 | E9: =C8+D8 -> 9544
A10: Сотрудник номер 9 | B10: {=INDEX($K$2:$K$6, RANDBETWEEN(1, COUNTA($K$2:$K$6)))} -> Курьер | C10: =VLOOKUP(B9, $K$2:$L$6, 2,0) -> 6800 | D10: =RANDBETWEEN(1500,3400) -> 2625 | E10: =C9+D9 -> 9571
A11: Сотрудник номер 10 | B11: {=INDEX($K$2:$K$6, RANDBETWEEN(1, COUNTA($K$2:$K$6)))} -> Админимстратор | C11: =VLOOKUP(B10, $K$2:$L$6, 2,0) -> 6500 | D11: =RANDBETWEEN(1500,3400) -> 1549 | E11: =C10+D10 -> 9425
A12: Сотрудник номер 11 | B12: {=INDEX($K$2:$K$6, RANDBETWEEN(1, COUNTA($K$2:$K$6)))} -> Админимстратор | C12: =VLOOKUP(B11, $K$2:$L$6, 2,0) -> 7999 | D12: =RANDBETWEEN(1500,3400) -> 2958 | E12: =C11+D11 -> 8049
A13: Сотрудник номер 12 | B13: {=INDEX($K$2:$K$6, RANDBETWEEN(1, COUNTA($K$2:$K$6)))} -> Директор | C13: =VLOOKUP(B12, $K$2:$L$6, 2,0) -> 7999 | D13: =RANDBETWEEN(1500,3400) -> 2785 | E13: =C12+D12 -> 10957
A14: Сотрудник номер 13 | B14: {=INDEX($K$2:$K$6, RANDBETWEEN(1, COUNTA($K$2:$K$6)))} -> Бариста | C14: =VLOOKUP(B13, $K$2:$L$6, 2,0) -> 8400 | D14: =RANDBETWEEN(1500,3400) -> 2602 | E14: =C13+D13 -> 10784
A15: Сотрудник номер 14 | B15: {=INDEX($K$2:$K$6, RANDBETWEEN(1, COUNTA($K$2:$K$6)))} -> Курьер | C15: =VLOOKUP(B14, $K$2:$L$6, 2,0) -> 7300 | D15: =RANDBETWEEN(1500,3400) -> 2345 | E15: =C14+D14 -> 11002
A16: Сотрудник номер 15 | B16: {=INDEX($K$2:$K$6, RANDBETWEEN(1, COUNTA($K$2:$K$6)))} -> Директор | C16: =VLOOKUP(B15, $K$2:$L$6, 2,0) -> 6500 | D16: =RANDBETWEEN(1500,3400) -> 1902 | E16: =C15+D15 -> 9645
A17: Сотрудник номер 16 | B17: {=INDEX($K$2:$K$6, RANDBETWEEN(1, COUNTA($K$2:$K$6)))} -> Уборщик | C17: =VLOOKUP(B16, $K$2:$L$6, 2,0) -> 8400 | D17: =RANDBETWEEN(1500,3400) -> 1769 | E17: =C16+D16 -> 8402
A18: Сотрудник номер 17 | B18: {=INDEX($K$2:$K$6, RANDBETWEEN(1, COUNTA($K$2:$K$6)))} -> Админимстратор | C18: =VLOOKUP(B17, $K$2:$L$6, 2,0) -> 6800 | D18: =RANDBETWEEN(1500,3400) -> 2403 | E18: =C17+D17 -> 10169
... A31: Сотрудник номер 30 | B31: {=INDEX($K$2:$K$6, RANDBETWEEN(1, COUNTA($K$2:$K$6)))} -> Курьер | C31: =VLOOKUP(B30, $K$2:$L$6, 2,0) -> 8400 | D31: =RANDBETWEEN(1500,3400) -> 1820 | E31: =C30+D30 -> 9995

Sheet Июнь
A1: ФИО | B1: Должность | C1: Оклад | D1: Премия | E1: Заработна плата | K1: Должность | L1: Оклад
A2: Сотрудник номер 1 | B2: {=INDEX($K$2:$K$6, RANDBETWEEN(1, COUNTA($K$2:$K$6)))} -> Бариста | C2: =VLOOKUP(B2, $K$2:$L$6, 2,0) -> 5342 | D2: =RANDBETWEEN(1500,3400) -> 1518 | E2: =C2+D2 -> 6860 | K2: Директор | L2: 6479
A3: Сотрудник номер 2 | B3: {=INDEX($K$2:$K$6, RANDBETWEEN(1, COUNTA($K$2:$K$6)))} -> Директор | C3: =VLOOKUP(B3, $K$2:$L$6, 2,0) -> 6479 | D3: =RANDBETWEEN(1500,3400) -> 3224 | E3: =C3+D3 -> 9703 | K3: Админимстратор | L3: 5999
A4: Сотрудник номер 3 | B4: {=INDEX($K$2:$K$6, RANDBETWEEN(1, COUNTA($K$2:$K$6)))} -> Админимстратор | C4: =VLOOKUP(B3, $K$2:$L$6, 2,0) -> 6479 | D4: =RANDBETWEEN(1500,3400) -> 2001 | E4: =C3+D3 -> 9703 | K4: Бариста | L4: 5342
A5: Сотрудник номер 4 | B5: {=INDEX($K$2:$K$6, RANDBETWEEN(1, COUNTA($K$2:$K$6)))} -> Админимстратор | C5: =VLOOKUP(B4, $K$2:$L$6, 2,0) -> 5999 | D5: =RANDBETWEEN(1500,3400) -> 2868 | E5: =C4+D4 -> 8480 | K5: Уборщик | L5: 4256
A6: Сотрудник номер 5 | B6: {=INDEX($K$2:$K$6, RANDBETWEEN(1, COUNTA($K$2:$K$6)))} -> Курьер | C6: =VLOOKUP(B5, $K$2:$L$6, 2,0) -> 5999 | D6: =RANDBETWEEN(1500,3400) -> 3090 | E6: =C5+D5 -> 8867 | K6: Курьер | L6: 3521
A7: Сотрудник номер 6 | B7: {=INDEX($K$2:$K$6, RANDBETWEEN(1, COUNTA($K$2:$K$6)))} -> Директор | C7: =VLOOKUP(B6, $K$2:$L$6, 2,0) -> 3521 | D7: =RANDBETWEEN(1500,3400) -> 2216 | E7: =C6+D6 -> 9089
A8: Сотрудник номер 7 | B8: {=INDEX($K$2:$K$6, RANDBETWEEN(1, COUNTA($K$2:$K$6)))} -> Уборщик | C8: =VLOOKUP(B7, $K$2:$L$6, 2,0) -> 6479 | D8: =RANDBETWEEN(1500,3400) -> 1624 | E8: =C7+D7 -> 5737
A9: Сотрудник номер 8 | B9: {=INDEX($K$2:$K$6, RANDBETWEEN(1, COUNTA($K$2:$K$6)))} -> Бариста | C9: =VLOOKUP(B8, $K$2:$L$6, 2,0) -> 4256 | D9: =RANDBETWEEN(1500,3400) -> 1644 | E9: =C8+D8 -> 8103
A10: Сотрудник номер 9 | B10: {=INDEX($K$2:$K$6, RANDBETWEEN(1, COUNTA($K$2:$K$6)))} -> Курьер | C10: =VLOOKUP(B9, $K$2:$L$6, 2,0) -> 5342 | D10: =RANDBETWEEN(1500,3400) -> 2539 | E10: =C9+D9 -> 5900
A11: Сотрудник номер 10 | B11: {=INDEX($K$2:$K$6, RANDBETWEEN(1, COUNTA($K$2:$K$6)))} -> Админимстратор | C11: =VLOOKUP(B10, $K$2:$L$6, 2,0) -> 3521 | D11: =RANDBETWEEN(1500,3400) -> 1950 | E11: =C10+D10 -> 7881
A12: Сотрудник номер 11 | B12: {=INDEX($K$2:$K$6, RANDBETWEEN(1, COUNTA($K$2:$K$6)))} -> Бариста | C12: =VLOOKUP(B11, $K$2:$L$6, 2,0) -> 5999 | D12: =RANDBETWEEN(1500,3400) -> 2081 | E12: =C11+D11 -> 5471
A13: Сотрудник номер 12 | B13: {=INDEX($K$2:$K$6, RANDBETWEEN(1, COUNTA($K$2:$K$6)))} -> Админимстратор | C13: =VLOOKUP(B12, $K$2:$L$6, 2,0) -> 5342 | D13: =RANDBETWEEN(1500,3400) -> 1746 | E13: =C12+D12 -> 8080
A14: Сотрудник номер 13 | B14: {=INDEX($K$2:$K$6, RANDBETWEEN(1, COUNTA($K$2:$K$6)))} -> Уборщик | C14: =VLOOKUP(B13, $K$2:$L$6, 2,0) -> 5999 | D14: =RANDBETWEEN(1500,3400) -> 2579 | E14: =C13+D13 -> 7088
A15: Сотрудник номер 14 | B15: {=INDEX($K$2:$K$6, RANDBETWEEN(1, COUNTA($K$2:$K$6)))} -> Уборщик | C15: =VLOOKUP(B14, $K$2:$L$6, 2,0) -> 4256 | D15: =RANDBETWEEN(1500,3400) -> 2031 | E15: =C14+D14 -> 8578
A16: Сотрудник номер 15 | B16: {=INDEX($K$2:$K$6, RANDBETWEEN(1, COUNTA($K$2:$K$6)))} -> Админимстратор | C16: =VLOOKUP(B15, $K$2:$L$6, 2,0) -> 4256 | D16: =RANDBETWEEN(1500,3400) -> 2051 | E16: =C15+D15 -> 6287
A17: Сотрудник номер 16 | B17: {=INDEX($K$2:$K$6, RANDBETWEEN(1, COUNTA($K$2:$K$6)))} -> Курьер | C17: =VLOOKUP(B16, $K$2:$L$6, 2,0) -> 5999 | D17: =RANDBETWEEN(1500,3400) -> 3017 | E17: =C16+D16 -> 6307
A18: Сотрудник номер 17 | B18: {=INDEX($K$2:$K$6, RANDBETWEEN(1, COUNTA($K$2:$K$6)))} -> Директор | C18: =VLOOKUP(B17, $K$2:$L$6, 2,0) -> 3521 | D18: =RANDBETWEEN(1500,3400) -> 1598 | E18: =C17+D17 -> 9016
... A31: Сотрудник номер 30 | B31: {=INDEX($K$2:$K$6, RANDBETWEEN(1, COUNTA($K$2:$K$6)))} -> Директор | C31: =VLOOKUP(B30, $K$2:$L$6, 2,0) -> 3521 | D31: =RANDBETWEEN(1500,3400) -> 2353 | E31: =C30+D30 -> 9210

Sheet Июль
A1: ФИО | B1: Должность | C1: Оклад | D1: Премия | E1: Заработна плата | K1: Должность | L1: Оклад
A2: Сотрудник номер 1 | B2: {=INDEX($K$2:$K$6, RANDBETWEEN(1, COUNTA($K$2:$K$6)))} -> Бариста | C2: =VLOOKUP(B2, $K$2:$L$6, 2,0) -> 3222 | D2: =RANDBETWEEN(1500,3400) -> 2173 | E2: =C2+D2 -> 5395 | K2: Директор | L2: 4435
A3: Сотрудник номер 2 | B3: {=INDEX($K$2:$K$6, RANDBETWEEN(1, COUNTA($K$2:$K$6)))} -> Курьер | C3: =VLOOKUP(B3, $K$2:$L$6, 2,0) -> 1759 | D3: =RANDBETWEEN(1500,3400) -> 2830 | E3: =C3+D3 -> 4589 | K3: Админимстратор | L3: 3579
A4: Сотрудник номер 3 | B4: {=INDEX($K$2:$K$6, RANDBETWEEN(1, COUNTA($K$2:$K$6)))} -> Уборщик | C4: =VLOOKUP(B3, $K$2:$L$6, 2,0) -> 1759 | D4: =RANDBETWEEN(1500,3400) -> 2129 | E4: =C3+D3 -> 4589 | K4: Бариста | L4: 3222
A5: Сотрудник номер 4 | B5: {=INDEX($K$2:$K$6, RANDBETWEEN(1, COUNTA($K$2:$K$6)))} -> Курьер | C5: =VLOOKUP(B4, $K$2:$L$6, 2,0) -> 2295 | D5: =RANDBETWEEN(1500,3400) -> 3164 | E5: =C4+D4 -> 3888 | K5: Уборщик | L5: 2295
A6: Сотрудник номер 5 | B6: {=INDEX($K$2:$K$6, RANDBETWEEN(1, COUNTA($K$2:$K$6)))} -> Бариста | C6: =VLOOKUP(B5, $K$2:$L$6, 2,0) -> 1759 | D6: =RANDBETWEEN(1500,3400) -> 2870 | E6: =C5+D5 -> 5459 | K6: Курьер | L6: 1759
A7: Сотрудник номер 6 | B7: {=INDEX($K$2:$K$6, RANDBETWEEN(1, COUNTA($K$2:$K$6)))} -> Уборщик | C7: =VLOOKUP(B6, $K$2:$L$6, 2,0) -> 3222 | D7: =RANDBETWEEN(1500,3400) -> 1615 | E7: =C6+D6 -> 4629
A8: Сотрудник номер 7 | B8: {=INDEX($K$2:$K$6, RANDBETWEEN(1, COUNTA($K$2:$K$6)))} -> Директор | C8: =VLOOKUP(B7, $K$2:$L$6, 2,0) -> 2295 | D8: =RANDBETWEEN(1500,3400) -> 1700 | E8: =C7+D7 -> 4837
A9: Сотрудник номер 8 | B9: {=INDEX($K$2:$K$6, RANDBETWEEN(1, COUNTA($K$2:$K$6)))} -> Бариста | C9: =VLOOKUP(B8, $K$2:$L$6, 2,0) -> 4435 | D9: =RANDBETWEEN(1500,3400) -> 2233 | E9: =C8+D8 -> 3995
A10: Сотрудник номер 9 | B10: {=INDEX($K$2:$K$6, RANDBETWEEN(1, COUNTA($K$2:$K$6)))} -> Бариста | C10: =VLOOKUP(B9, $K$2:$L$6, 2,0) -> 3222 | D10: =RANDBETWEEN(1500,3400) -> 2245 | E10: =C9+D9 -> 6668
A11: Сотрудник номер 10 | B11: {=INDEX($K$2:$K$6, RANDBETWEEN(1, COUNTA($K$2:$K$6)))} -> Админимстратор | C11: =VLOOKUP(B10, $K$2:$L$6, 2,0) -> 3222 | D11: =RANDBETWEEN(1500,3400) -> 3149 | E11: =C10+D10 -> 5467
A12: Сотрудник номер 11 | B12: {=INDEX($K$2:$K$6, RANDBETWEEN(1, COUNTA($K$2:$K$6)))} -> Админимстратор | C12: =VLOOKUP(B11, $K$2:$L$6, 2,0) -> 3579 | D12: =RANDBETWEEN(1500,3400) -> 1845 | E12: =C11+D11 -> 6371
A13: Сотрудник номер 12 | B13: {=INDEX($K$2:$K$6, RANDBETWEEN(1, COUNTA($K$2:$K$6)))} -> Уборщик | C13: =VLOOKUP(B12, $K$2:$L$6, 2,0) -> 3579 | D13: =RANDBETWEEN(1500,3400) -> 1918 | E13: =C12+D12 -> 5424
A14: Сотрудник номер 13 | B14: {=INDEX($K$2:$K$6, RANDBETWEEN(1, COUNTA($K$2:$K$6)))} -> Уборщик | C14: =VLOOKUP(B13, $K$2:$L$6, 2,0) -> 2295 | D14: =RANDBETWEEN(1500,3400) -> 1852 | E14: =C13+D13 -> 5497
A15: Сотрудник номер 14 | B15: {=INDEX($K$2:$K$6, RANDBETWEEN(1, COUNTA($K$2:$K$6)))} -> Курьер | C15: =VLOOKUP(B14, $K$2:$L$6, 2,0) -> 2295 | D15: =RANDBETWEEN(1500,3400) -> 2442 | E15: =C14+D14 -> 4147
A16: Сотрудник номер 15 | B16: {=INDEX($K$2:$K$6, RANDBETWEEN(1, COUNTA($K$2:$K$6)))} -> Админимстратор | C16: =VLOOKUP(B15, $K$2:$L$6, 2,0) -> 1759 | D16: =RANDBETWEEN(1500,3400) -> 2656 | E16: =C15+D15 -> 4737
A17: Сотрудник номер 16 | B17: {=INDEX($K$2:$K$6, RANDBETWEEN(1, COUNTA($K$2:$K$6)))} -> Бариста | C17: =VLOOKUP(B16, $K$2:$L$6, 2,0) -> 3579 | D17: =RANDBETWEEN(1500,3400) -> 2200 | E17: =C16+D16 -> 4415
A18: Сотрудник номер 17 | B18: {=INDEX($K$2:$K$6, RANDBETWEEN(1, COUNTA($K$2:$K$6)))} -> Курьер | C18: =VLOOKUP(B17, $K$2:$L$6, 2,0) -> 3222 | D18: =RANDBETWEEN(1500,3400) -> 2653 | E18: =C17+D17 -> 5779
... A31: Сотрудник номер 30 | B31: {=INDEX($K$2:$K$6, RANDBETWEEN(1, COUNTA($K$2:$K$6)))} -> Уборщик | C31: =VLOOKUP(B30, $K$2:$L$6, 2,0) -> 3579 | D31: =RANDBETWEEN(1500,3400) -> 2125 | E31: =C30+D30 -> 6251

Sheet Август
A1: ФИО | B1: Должность | C1: Оклад | D1: Премия | E1: Заработна плата | K1: Должность | L1: Оклад
A2: Сотрудник номер 1 | B2: {=INDEX($K$2:$K$6, RANDBETWEEN(1, COUNTA($K$2:$K$6)))} -> Бариста | C2: =VLOOKUP(B2, $K$2:$L$6, 2,0) -> 4290 | D2: =RANDBETWEEN(1500,3400) -> 2756 | E2: =C2+D2 -> 7046 | K2: Директор | L2: 5643
A3: Сотрудник номер 2 | B3: {=INDEX($K$2:$K$6, RANDBETWEEN(1, COUNTA($K$2:$K$6)))} -> Уборщик | C3: =VLOOKUP(B3, $K$2:$L$6, 2,0) -> 3123 | D3: =RANDBETWEEN(1500,3400) -> 2856 | E3: =C3+D3 -> 5979 | K3: Админимстратор | L3: 5259
A4: Сотрудник номер 3 | B4: {=INDEX($K$2:$K$6, RANDBETWEEN(1, COUNTA($K$2:$K$6)))} -> Админимстратор | C4: =VLOOKUP(B3, $K$2:$L$6, 2,0) -> 3123 | D4: =RANDBETWEEN(1500,3400) -> 2013 | E4: =C3+D3 -> 5979 | K4: Бариста | L4: 4290
A5: Сотрудник номер 4 | B5: {=INDEX($K$2:$K$6, RANDBETWEEN(1, COUNTA($K$2:$K$6)))} -> Директор | C5: =VLOOKUP(B4, $K$2:$L$6, 2,0) -> 5259 | D5: =RANDBETWEEN(1500,3400) -> 1881 | E5: =C4+D4 -> 5136 | K5: Уборщик | L5: 3123
A6: Сотрудник номер 5 | B6: {=INDEX($K$2:$K$6, RANDBETWEEN(1, COUNTA($K$2:$K$6)))} -> Бариста | C6: =VLOOKUP(B5, $K$2:$L$6, 2,0) -> 5643 | D6: =RANDBETWEEN(1500,3400) -> 2033 | E6: =C5+D5 -> 7140 | K6: Курьер | L6: 2157
A7: Сотрудник номер 6 | B7: {=INDEX($K$2:$K$6, RANDBETWEEN(1, COUNTA($K$2:$K$6)))} -> Уборщик | C7: =VLOOKUP(B6, $K$2:$L$6, 2,0) -> 4290 | D7: =RANDBETWEEN(1500,3400) -> 3169 | E7: =C6+D6 -> 7676
A8: Сотрудник номер 7 | B8: {=INDEX($K$2:$K$6, RANDBETWEEN(1, COUNTA($K$2:$K$6)))} -> Бариста | C8: =VLOOKUP(B7, $K$2:$L$6, 2,0) -> 3123 | D8: =RANDBETWEEN(1500,3400) -> 1726 | E8: =C7+D7 -> 7459
A9: Сотрудник номер 8 | B9: {=INDEX($K$2:$K$6, RANDBETWEEN(1, COUNTA($K$2:$K$6)))} -> Уборщик | C9: =VLOOKUP(B8, $K$2:$L$6, 2,0) -> 4290 | D9: =RANDBETWEEN(1500,3400) -> 3388 | E9: =C8+D8 -> 4849
A10: Сотрудник номер 9 | B10: {=INDEX($K$2:$K$6, RANDBETWEEN(1, COUNTA($K$2:$K$6)))} -> Админимстратор | C10: =VLOOKUP(B9, $K$2:$L$6, 2,0) -> 3123 | D10: =RANDBETWEEN(1500,3400) -> 1848 | E10: =C9+D9 -> 7678
A11: Сотрудник номер 10 | B11: {=INDEX($K$2:$K$6, RANDBETWEEN(1, COUNTA($K$2:$K$6)))} -> Бариста | C11: =VLOOKUP(B10, $K$2:$L$6, 2,0) -> 5259 | D11: =RANDBETWEEN(1500,3400) -> 2366 | E11: =C10+D10 -> 4971
A12: Сотрудник номер 11 | B12: {=INDEX($K$2:$K$6, RANDBETWEEN(1, COUNTA($K$2:$K$6)))} -> Админимстратор | C12: =VLOOKUP(B11, $K$2:$L$6, 2,0) -> 4290 | D12: =RANDBETWEEN(1500,3400) -> 2823 | E12: =C11+D11 -> 7625
A13: Сотрудник номер 12 | B13: {=INDEX($K$2:$K$6, RANDBETWEEN(1, COUNTA($K$2:$K$6)))} -> Бариста | C13: =VLOOKUP(B12, $K$2:$L$6, 2,0) -> 5259 | D13: =RANDBETWEEN(1500,3400) -> 3162 | E13: =C12+D12 -> 7113
A14: Сотрудник номер 13 | B14: {=INDEX($K$2:$K$6, RANDBETWEEN(1, COUNTA($K$2:$K$6)))} -> Курьер | C14: =VLOOKUP(B13, $K$2:$L$6, 2,0) -> 4290 | D14: =RANDBETWEEN(1500,3400) -> 2757 | E14: =C13+D13 -> 8421
A15: Сотрудник номер 14 | B15: {=INDEX($K$2:$K$6, RANDBETWEEN(1, COUNTA($K$2:$K$6)))} -> Курьер | C15: =VLOOKUP(B14, $K$2:$L$6, 2,0) -> 2157 | D15: =RANDBETWEEN(1500,3400) -> 3347 | E15: =C14+D14 -> 7047
A16: Сотрудник номер 15 | B16: {=INDEX($K$2:$K$6, RANDBETWEEN(1, COUNTA($K$2:$K$6)))} -> Бариста | C16: =VLOOKUP(B15, $K$2:$L$6, 2,0) -> 2157 | D16: =RANDBETWEEN(1500,3400) -> 1756 | E16: =C15+D15 -> 5504
A17: Сотрудник номер 16 | B17: {=INDEX($K$2:$K$6, RANDBETWEEN(1, COUNTA($K$2:$K$6)))} -> Бариста | C17: =VLOOKUP(B16, $K$2:$L$6, 2,0) -> 4290 | D17: =RANDBETWEEN(1500,3400) -> 2003 | E17: =C16+D16 -> 3913
A18: Сотрудник номер 17 | B18: {=INDEX($K$2:$K$6, RANDBETWEEN(1, COUNTA($K$2:$K$6)))} -> Уборщик | C18: =VLOOKUP(B17, $K$2:$L$6, 2,0) -> 4290 | D18: =RANDBETWEEN(1500,3400) -> 1942 | E18: =C17+D17 -> 6293
... A31: Сотрудник номер 30 | B31: {=INDEX($K$2:$K$6, RANDBETWEEN(1, COUNTA($K$2:$K$6)))} -> Уборщик | C31: =VLOOKUP(B30, $K$2:$L$6, 2,0) -> 5643 | D31: =RANDBETWEEN(1500,3400) -> 2460 | E31: =C30+D30 -> 8319

Sheet Сентябрь
A1: ФИО | B1: Должность | C1: Оклад | D1: Премия | E1: Заработна плата | K1: Должность | L1: Оклад
A2: Сотрудник номер 1 | B2: {=INDEX($K$2:$K$6, RANDBETWEEN(1, COUNTA($K$2:$K$6)))} -> Бариста | C2: =VLOOKUP(B2, $K$2:$L$6, 2,0) -> 3889 | D2: =RANDBETWEEN(1500,3400) -> 1544 | E2: =C2+D2 -> 5433 | K2: Директор | L2: 4545
A3: Сотрудник номер 2 | B3: {=INDEX($K$2:$K$6, RANDBETWEEN(1, COUNTA($K$2:$K$6)))} -> Уборщик | C3: =VLOOKUP(B3, $K$2:$L$6, 2,0) -> 2999 | D3: =RANDBETWEEN(1500,3400) -> 3376 | E3: =C3+D3 -> 6375 | K3: Админимстратор | L3: 4436
A4: Сотрудник номер 3 | B4: {=INDEX($K$2:$K$6, RANDBETWEEN(1, COUNTA($K$2:$K$6)))} -> Бариста | C4: =VLOOKUP(B3, $K$2:$L$6, 2,0) -> 2999 | D4: =RANDBETWEEN(1500,3400) -> 2031 | E4: =C3+D3 -> 6375 | K4: Бариста | L4: 3889
A5: Сотрудник номер 4 | B5: {=INDEX($K$2:$K$6, RANDBETWEEN(1, COUNTA($K$2:$K$6)))} -> Директор | C5: =VLOOKUP(B4, $K$2:$L$6, 2,0) -> 3889 | D5: =RANDBETWEEN(1500,3400) -> 3331 | E5: =C4+D4 -> 5030 | K5: Уборщик | L5: 2999
A6: Сотрудник номер 5 | B6: {=INDEX($K$2:$K$6, RANDBETWEEN(1, COUNTA($K$2:$K$6)))} -> Курьер | C6: =VLOOKUP(B5, $K$2:$L$6, 2,0) -> 4545 | D6: =RANDBETWEEN(1500,3400) -> 2136 | E6: =C5+D5 -> 7220 | K6: Курьер | L6: 1900
A7: Сотрудник номер 6 | B7: {=INDEX($K$2:$K$6, RANDBETWEEN(1, COUNTA($K$2:$K$6)))} -> Бариста | C7: =VLOOKUP(B6, $K$2:$L$6, 2,0) -> 1900 | D7: =RANDBETWEEN(1500,3400) -> 2346 | E7: =C6+D6 -> 6681
A8: Сотрудник номер 7 | B8: {=INDEX($K$2:$K$6, RANDBETWEEN(1, COUNTA($K$2:$K$6)))} -> Бариста | C8: =VLOOKUP(B7, $K$2:$L$6, 2,0) -> 3889 | D8: =RANDBETWEEN(1500,3400) -> 3250 | E8: =C7+D7 -> 4246
A9: Сотрудник номер 8 | B9: {=INDEX($K$2:$K$6, RANDBETWEEN(1, COUNTA($K$2:$K$6)))} -> Админимстратор | C9: =VLOOKUP(B8, $K$2:$L$6, 2,0) -> 3889 | D9: =RANDBETWEEN(1500,3400) -> 1968 | E9: =C8+D8 -> 7139
A10: Сотрудник номер 9 | B10: {=INDEX($K$2:$K$6, RANDBETWEEN(1, COUNTA($K$2:$K$6)))} -> Уборщик | C10: =VLOOKUP(B9, $K$2:$L$6, 2,0) -> 4436 | D10: =RANDBETWEEN(1500,3400) -> 2514 | E10: =C9+D9 -> 5857
A11: Сотрудник номер 10 | B11: {=INDEX($K$2:$K$6, RANDBETWEEN(1, COUNTA($K$2:$K$6)))} -> Уборщик | C11: =VLOOKUP(B10, $K$2:$L$6, 2,0) -> 2999 | D11: =RANDBETWEEN(1500,3400) -> 1901 | E11: =C10+D10 -> 6950
A12: Сотрудник номер 11 | B12: {=INDEX($K$2:$K$6, RANDBETWEEN(1, COUNTA($K$2:$K$6)))} -> Админимстратор | C12: =VLOOKUP(B11, $K$2:$L$6, 2,0) -> 2999 | D12: =RANDBETWEEN(1500,3400) -> 2591 | E12: =C11+D11 -> 4900
A13: Сотрудник номер 12 | B13: {=INDEX($K$2:$K$6, RANDBETWEEN(1, COUNTA($K$2:$K$6)))} -> Курьер | C13: =VLOOKUP(B12, $K$2:$L$6, 2,0) -> 4436 | D13: =RANDBETWEEN(1500,3400) -> 2175 | E13: =C12+D12 -> 5590
A14: Сотрудник номер 13 | B14: {=INDEX($K$2:$K$6, RANDBETWEEN(1, COUNTA($K$2:$K$6)))} -> Директор | C14: =VLOOKUP(B13, $K$2:$L$6, 2,0) -> 1900 | D14: =RANDBETWEEN(1500,3400) -> 3295 | E14: =C13+D13 -> 6611
A15: Сотрудник номер 14 | B15: {=INDEX($K$2:$K$6, RANDBETWEEN(1, COUNTA($K$2:$K$6)))} -> Админимстратор | C15: =VLOOKUP(B14, $K$2:$L$6, 2,0) -> 4545 | D15: =RANDBETWEEN(1500,3400) -> 2969 | E15: =C14+D14 -> 5195
A16: Сотрудник номер 15 | B16: {=INDEX($K$2:$K$6, RANDBETWEEN(1, COUNTA($K$2:$K$6)))} -> Уборщик | C16: =VLOOKUP(B15, $K$2:$L$6, 2,0) -> 4436 | D16: =RANDBETWEEN(1500,3400) -> 1698 | E16: =C15+D15 -> 7514
A17: Сотрудник номер 16 | B17: {=INDEX($K$2:$K$6, RANDBETWEEN(1, COUNTA($K$2:$K$6)))} -> Админимстратор | C17: =VLOOKUP(B16, $K$2:$L$6, 2,0) -> 2999 | D17: =RANDBETWEEN(1500,3400) -> 2701 | E17: =C16+D16 -> 6134
A18: Сотрудник номер 17 | B18: {=INDEX($K$2:$K$6, RANDBETWEEN(1, COUNTA($K$2:$K$6)))} -> Админимстратор | C18: =VLOOKUP(B17, $K$2:$L$6, 2,0) -> 4436 | D18: =RANDBETWEEN(1500,3400) -> 2873 | E18: =C17+D17 -> 5700
... A31: Сотрудник номер 30 | B31: {=INDEX($K$2:$K$6, RANDBETWEEN(1, COUNTA($K$2:$K$6)))} -> Курьер | C31: =VLOOKUP(B30, $K$2:$L$6, 2,0) -> 3889 | D31: =RANDBETWEEN(1500,3400) -> 1818 | E31: =C30+D30 -> 4565

Sheet Октябрь
A1: ФИО | B1: Должность | C1: Оклад | D1: Премия | E1: Заработна плата | K1: Должность | L1: Оклад
A2: Сотрудник номер 1 | B2: {=INDEX($K$2:$K$6, RANDBETWEEN(1, COUNTA($K$2:$K$6)))} -> Админимстратор | C2: =VLOOKUP(B2, $K$2:$L$6, 2,0) -> 3456 | D2: =RANDBETWEEN(1500,3400) -> 2386 | E2: =C2+D2 -> 5842 | K2: Директор | L2: 1234
A3: Сотрудник номер 2 | B3: {=INDEX($K$2:$K$6, RANDBETWEEN(1, COUNTA($K$2:$K$6)))} -> Директор | C3: =VLOOKUP(B3, $K$2:$L$6, 2,0) -> 1234 | D3: =RANDBETWEEN(1500,3400) -> 2266 | E3: =C3+D3 -> 3500 | K3: Админимстратор | L3: 3456
A4: Сотрудник номер 3 | B4: {=INDEX($K$2:$K$6, RANDBETWEEN(1, COUNTA($K$2:$K$6)))} -> Админимстратор | C4: =VLOOKUP(B3, $K$2:$L$6, 2,0) -> 1234 | D4: =RANDBETWEEN(1500,3400) -> 3005 | E4: =C3+D3 -> 3500 | K4: Бариста | L4: 1333
A5: Сотрудник номер 4 | B5: {=INDEX($K$2:$K$6, RANDBETWEEN(1, COUNTA($K$2:$K$6)))} -> Директор | C5: =VLOOKUP(B4, $K$2:$L$6, 2,0) -> 3456 | D5: =RANDBETWEEN(1500,3400) -> 2649 | E5: =C4+D4 -> 4239 | K5: Уборщик | L5: 1200
A6: Сотрудник номер 5 | B6: {=INDEX($K$2:$K$6, RANDBETWEEN(1, COUNTA($K$2:$K$6)))} -> Директор | C6: =VLOOKUP(B5, $K$2:$L$6, 2,0) -> 1234 | D6: =RANDBETWEEN(1500,3400) -> 1502 | E6: =C5+D5 -> 6105 | K6: Курьер | L6: 1000
A7: Сотрудник номер 6 | B7: {=INDEX($K$2:$K$6, RANDBETWEEN(1, COUNTA($K$2:$K$6)))} -> Бариста | C7: =VLOOKUP(B6, $K$2:$L$6, 2,0) -> 1234 | D7: =RANDBETWEEN(1500,3400) -> 1606 | E7: =C6+D6 -> 2736
A8: Сотрудник номер 7 | B8: {=INDEX($K$2:$K$6, RANDBETWEEN(1, COUNTA($K$2:$K$6)))} -> Бариста | C8: =VLOOKUP(B7, $K$2:$L$6, 2,0) -> 1333 | D8: =RANDBETWEEN(1500,3400) -> 3107 | E8: =C7+D7 -> 2840
A9: Сотрудник номер 8 | B9: {=INDEX($K$2:$K$6, RANDBETWEEN(1, COUNTA($K$2:$K$6)))} -> Бариста | C9: =VLOOKUP(B8, $K$2:$L$6, 2,0) -> 1333 | D9: =RANDBETWEEN(1500,3400) -> 1990 | E9: =C8+D8 -> 4440
A10: Сотрудник номер 9 | B10: {=INDEX($K$2:$K$6, RANDBETWEEN(1, COUNTA($K$2:$K$6)))} -> Админимстратор | C10: =VLOOKUP(B9, $K$2:$L$6, 2,0) -> 1333 | D10: =RANDBETWEEN(1500,3400) -> 1932 | E10: =C9+D9 -> 3323
A11: Сотрудник номер 10 | B11: {=INDEX($K$2:$K$6, RANDBETWEEN(1, COUNTA($K$2:$K$6)))} -> Директор | C11: =VLOOKUP(B10, $K$2:$L$6, 2,0) -> 3456 | D11: =RANDBETWEEN(1500,3400) -> 3020 | E11: =C10+D10 -> 3265
A12: Сотрудник номер 11 | B12: {=INDEX($K$2:$K$6, RANDBETWEEN(1, COUNTA($K$2:$K$6)))} -> Уборщик | C12: =VLOOKUP(B11, $K$2:$L$6, 2,0) -> 1234 | D12: =RANDBETWEEN(1500,3400) -> 1765 | E12: =C11+D11 -> 6476
A13: Сотрудник номер 12 | B13: {=INDEX($K$2:$K$6, RANDBETWEEN(1, COUNTA($K$2:$K$6)))} -> Уборщик | C13: =VLOOKUP(B12, $K$2:$L$6, 2,0) -> 1200 | D13: =RANDBETWEEN(1500,3400) -> 3074 | E13: =C12+D12 -> 2999
A14: Сотрудник номер 13 | B14: {=INDEX($K$2:$K$6, RANDBETWEEN(1, COUNTA($K$2:$K$6)))} -> Админимстратор | C14: =VLOOKUP(B13, $K$2:$L$6, 2,0) -> 1200 | D14: =RANDBETWEEN(1500,3400) -> 2214 | E14: =C13+D13 -> 4274
A15: Сотрудник номер 14 | B15: {=INDEX($K$2:$K$6, RANDBETWEEN(1, COUNTA($K$2:$K$6)))} -> Бариста | C15: =VLOOKUP(B14, $K$2:$L$6, 2,0) -> 3456 | D15: =RANDBETWEEN(1500,3400) -> 2740 | E15: =C14+D14 -> 3414
A16: Сотрудник номер 15 | B16: {=INDEX($K$2:$K$6, RANDBETWEEN(1, COUNTA($K$2:$K$6)))} -> Директор | C16: =VLOOKUP(B15, $K$2:$L$6, 2,0) -> 1333 | D16: =RANDBETWEEN(1500,3400) -> 1504 | E16: =C15+D15 -> 6196
A17: Сотрудник номер 16 | B17: {=INDEX($K$2:$K$6, RANDBETWEEN(1, COUNTA($K$2:$K$6)))} -> Уборщик | C17: =VLOOKUP(B16, $K$2:$L$6, 2,0) -> 1234 | D17: =RANDBETWEEN(1500,3400) -> 2164 | E17: =C16+D16 -> 2837
A18: Сотрудник номер 17 | B18: {=INDEX($K$2:$K$6, RANDBETWEEN(1, COUNTA($K$2:$K$6)))} -> Бариста | C18: =VLOOKUP(B17, $K$2:$L$6, 2,0) -> 1200 | D18: =RANDBETWEEN(1500,3400) -> 2093 | E18: =C17+D17 -> 3398
... A31: Сотрудник номер 30 | B31: {=INDEX($K$2:$K$6, RANDBETWEEN(1, COUNTA($K$2:$K$6)))} -> Бариста | C31: =VLOOKUP(B30, $K$2:$L$6, 2,0) -> 1333 | D31: =RANDBETWEEN(1500,3400) -> 2652 | E31: =C30+D30 -> 4158

Sheet Ноябрь
A1: ФИО | B1: Должность | C1: Оклад | D1: Премия | E1: Заработна плата | K1: Должность | L1: Оклад
A2: Сотрудник номер 1 | B2: {=INDEX($K$2:$K$6, RANDBETWEEN(1, COUNTA($K$2:$K$6)))} -> Админимстратор | C2: =VLOOKUP(B2, $K$2:$L$6, 2,0) -> 2784 | D2: =RANDBETWEEN(1500,3400) -> 2593 | E2: =C2+D2 -> 5377 | K2: Директор | L2: 3399
A3: Сотрудник номер 2 | B3: {=INDEX($K$2:$K$6, RANDBETWEEN(1, COUNTA($K$2:$K$6)))} -> Директор | C3: =VLOOKUP(B3, $K$2:$L$6, 2,0) -> 3399 | D3: =RANDBETWEEN(1500,3400) -> 3156 | E3: =C3+D3 -> 6555 | K3: Админимстратор | L3: 2784
A4: Сотрудник номер 3 | B4: {=INDEX($K$2:$K$6, RANDBETWEEN(1, COUNTA($K$2:$K$6)))} -> Курьер | C4: =VLOOKUP(B3, $K$2:$L$6, 2,0) -> 3399 | D4: =RANDBETWEEN(1500,3400) -> 1762 | E4: =C3+D3 -> 6555 | K4: Бариста | L4: 2534
A5: Сотрудник номер 4 | B5: {=INDEX($K$2:$K$6, RANDBETWEEN(1, COUNTA($K$2:$K$6)))} -> Админимстратор | C5: =VLOOKUP(B4, $K$2:$L$6, 2,0) -> 1200 | D5: =RANDBETWEEN(1500,3400) -> 2330 | E5: =C4+D4 -> 5161 | K5: Уборщик | L5: 1356
A6: Сотрудник номер 5 | B6: {=INDEX($K$2:$K$6, RANDBETWEEN(1, COUNTA($K$2:$K$6)))} -> Курьер | C6: =VLOOKUP(B5, $K$2:$L$6, 2,0) -> 2784 | D6: =RANDBETWEEN(1500,3400) -> 1745 | E6: =C5+D5 -> 3530 | K6: Курьер | L6: 1200
A7: Сотрудник номер 6 | B7: {=INDEX($K$2:$K$6, RANDBETWEEN(1, COUNTA($K$2:$K$6)))} -> Уборщик | C7: =VLOOKUP(B6, $K$2:$L$6, 2,0) -> 1200 | D7: =RANDBETWEEN(1500,3400) -> 2979 | E7: =C6+D6 -> 4529
A8: Сотрудник номер 7 | B8: {=INDEX($K$2:$K$6, RANDBETWEEN(1, COUNTA($K$2:$K$6)))} -> Директор | C8: =VLOOKUP(B7, $K$2:$L$6, 2,0) -> 1356 | D8: =RANDBETWEEN(1500,3400) -> 2820 | E8: =C7+D7 -> 4179
A9: Сотрудник номер 8 | B9: {=INDEX($K$2:$K$6, RANDBETWEEN(1, COUNTA($K$2:$K$6)))} -> Курьер | C9: =VLOOKUP(B8, $K$2:$L$6, 2,0) -> 3399 | D9: =RANDBETWEEN(1500,3400) -> 2947 | E9: =C8+D8 -> 4176
A10: Сотрудник номер 9 | B10: {=INDEX($K$2:$K$6, RANDBETWEEN(1, COUNTA($K$2:$K$6)))} -> Админимстратор | C10: =VLOOKUP(B9, $K$2:$L$6, 2,0) -> 1200 | D10: =RANDBETWEEN(1500,3400) -> 3193 | E10: =C9+D9 -> 6346
A11: Сотрудник номер 10 | B11: {=INDEX($K$2:$K$6, RANDBETWEEN(1, COUNTA($K$2:$K$6)))} -> Уборщик | C11: =VLOOKUP(B10, $K$2:$L$6, 2,0) -> 2784 | D11: =RANDBETWEEN(1500,3400) -> 1702 | E11: =C10+D10 -> 4393
A12: Сотрудник номер 11 | B12: {=INDEX($K$2:$K$6, RANDBETWEEN(1, COUNTA($K$2:$K$6)))} -> Админимстратор | C12: =VLOOKUP(B11, $K$2:$L$6, 2,0) -> 1356 | D12: =RANDBETWEEN(1500,3400) -> 2499 | E12: =C11+D11 -> 4486
A13: Сотрудник номер 12 | B13: {=INDEX($K$2:$K$6, RANDBETWEEN(1, COUNTA($K$2:$K$6)))} -> Уборщик | C13: =VLOOKUP(B12, $K$2:$L$6, 2,0) -> 2784 | D13: =RANDBETWEEN(1500,3400) -> 2431 | E13: =C12+D12 -> 3855
A14: Сотрудник номер 13 | B14: {=INDEX($K$2:$K$6, RANDBETWEEN(1, COUNTA($K$2:$K$6)))} -> Курьер | C14: =VLOOKUP(B13, $K$2:$L$6, 2,0) -> 1356 | D14: =RANDBETWEEN(1500,3400) -> 3128 | E14: =C13+D13 -> 5215
A15: Сотрудник номер 14 | B15: {=INDEX($K$2:$K$6, RANDBETWEEN(1, COUNTA($K$2:$K$6)))} -> Уборщик | C15: =VLOOKUP(B14, $K$2:$L$6, 2,0) -> 1200 | D15: =RANDBETWEEN(1500,3400) -> 2597 | E15: =C14+D14 -> 4484
A16: Сотрудник номер 15 | B16: {=INDEX($K$2:$K$6, RANDBETWEEN(1, COUNTA($K$2:$K$6)))} -> Курьер | C16: =VLOOKUP(B15, $K$2:$L$6, 2,0) -> 1356 | D16: =RANDBETWEEN(1500,3400) -> 2683 | E16: =C15+D15 -> 3797
A17: Сотрудник номер 16 | B17: {=INDEX($K$2:$K$6, RANDBETWEEN(1, COUNTA($K$2:$K$6)))} -> Курьер | C17: =VLOOKUP(B16, $K$2:$L$6, 2,0) -> 1200 | D17: =RANDBETWEEN(1500,3400) -> 2614 | E17: =C16+D16 -> 4039
A18: Сотрудник номер 17 | B18: {=INDEX($K$2:$K$6, RANDBETWEEN(1, COUNTA($K$2:$K$6)))} -> Уборщик | C18: =VLOOKUP(B17, $K$2:$L$6, 2,0) -> 1200 | D18: =RANDBETWEEN(1500,3400) -> 1511 | E18: =C17+D17 -> 3814
... A31: Сотрудник номер 30 | B31: {=INDEX($K$2:$K$6, RANDBETWEEN(1, COUNTA($K$2:$K$6)))} -> Курьер | C31: =VLOOKUP(B30, $K$2:$L$6, 2,0) -> 2534 | D31: =RANDBETWEEN(1500,3400) -> 1664 | E31: =C30+D30 -> 4091

Sheet Декабрь
A1: ФИО | B1: Должность | C1: Оклад | D1: Премия | E1: Заработна плата | K1: Должность | L1: Оклад
A2: Сотрудник номер 1 | B2: {=INDEX($K$2:$K$6, RANDBETWEEN(1, COUNTA($K$2:$K$6)))} -> Курьер | C2: =VLOOKUP(B2, $K$2:$L$6, 2,0) -> 1000 | D2: =RANDBETWEEN(1500,3400) -> 3264 | E2: =C2+D2 -> 4264 | K2: Директор | L2: 5000
A3: Сотрудник номер 2 | B3: {=INDEX($K$2:$K$6, RANDBETWEEN(1, COUNTA($K$2:$K$6)))} -> Бариста | C3: =VLOOKUP(B3, $K$2:$L$6, 2,0) -> 3000 | D3: =RANDBETWEEN(1500,3400) -> 3140 | E3: =C3+D3 -> 6140 | K3: Админимстратор | L3: 4000
A4: Сотрудник номер 3 | B4: {=INDEX($K$2:$K$6, RANDBETWEEN(1, COUNTA($K$2:$K$6)))} -> Бариста | C4: =VLOOKUP(B3, $K$2:$L$6, 2,0) -> 3000 | D4: =RANDBETWEEN(1500,3400) -> 3183 | E4: =C3+D3 -> 6140 | K4: Бариста | L4: 3000
A5: Сотрудник номер 4 | B5: {=INDEX($K$2:$K$6, RANDBETWEEN(1, COUNTA($K$2:$K$6)))} -> Уборщик | C5: =VLOOKUP(B4, $K$2:$L$6, 2,0) -> 3000 | D5: =RANDBETWEEN(1500,3400) -> 1713 | E5: =C4+D4 -> 6183 | K5: Уборщик | L5: 2000
A6: Сотрудник номер 5 | B6: {=INDEX($K$2:$K$6, RANDBETWEEN(1, COUNTA($K$2:$K$6)))} -> Директор | C6: =VLOOKUP(B5, $K$2:$L$6, 2,0) -> 2000 | D6: =RANDBETWEEN(1500,3400) -> 3241 | E6: =C5+D5 -> 4713 | K6: Курьер | L6: 1000
A7: Сотрудник номер 6 | B7: {=INDEX($K$2:$K$6, RANDBETWEEN(1, COUNTA($K$2:$K$6)))} -> Директор | C7: =VLOOKUP(B6, $K$2:$L$6, 2,0) -> 5000 | D7: =RANDBETWEEN(1500,3400) -> 3285 | E7: =C6+D6 -> 5241
A8: Сотрудник номер 7 | B8: {=INDEX($K$2:$K$6, RANDBETWEEN(1, COUNTA($K$2:$K$6)))} -> Админимстратор | C8: =VLOOKUP(B7, $K$2:$L$6, 2,0) -> 5000 | D8: =RANDBETWEEN(1500,3400) -> 2470 | E8: =C7+D7 -> 8285
A9: Сотрудник номер 8 | B9: {=INDEX($K$2:$K$6, RANDBETWEEN(1, COUNTA($K$2:$K$6)))} -> Админимстратор | C9: =VLOOKUP(B8, $K$2:$L$6, 2,0) -> 4000 | D9: =RANDBETWEEN(1500,3400) -> 1574 | E9: =C8+D8 -> 7470
A10: Сотрудник номер 9 | B10: {=INDEX($K$2:$K$6, RANDBETWEEN(1, COUNTA($K$2:$K$6)))} -> Админимстратор | C10: =VLOOKUP(B9, $K$2:$L$6, 2,0) -> 4000 | D10: =RANDBETWEEN(1500,3400) -> 3224 | E10: =C9+D9 -> 5574
A11: Сотрудник номер 10 | B11: {=INDEX($K$2:$K$6, RANDBETWEEN(1, COUNTA($K$2:$K$6)))} -> Директор | C11: =VLOOKUP(B10, $K$2:$L$6, 2,0) -> 4000 | D11: =RANDBETWEEN(1500,3400) -> 2249 | E11: =C10+D10 -> 7224
A12: Сотрудник номер 11 | B12: {=INDEX($K$2:$K$6, RANDBETWEEN(1, COUNTA($K$2:$K$6)))} -> Курьер | C12: =VLOOKUP(B11, $K$2:$L$6, 2,0) -> 5000 | D12: =RANDBETWEEN(1500,3400) -> 1688 | E12: =C11+D11 -> 6249
A13: Сотрудник номер 12 | B13: {=INDEX($K$2:$K$6, RANDBETWEEN(1, COUNTA($K$2:$K$6)))} -> Админимстратор | C13: =VLOOKUP(B12, $K$2:$L$6, 2,0) -> 1000 | D13: =RANDBETWEEN(1500,3400) -> 2500 | E13: =C12+D12 -> 6688
A14: Сотрудник номер 13 | B14: {=INDEX($K$2:$K$6, RANDBETWEEN(1, COUNTA($K$2:$K$6)))} -> Админимстратор | C14: =VLOOKUP(B13, $K$2:$L$6, 2,0) -> 4000 | D14: =RANDBETWEEN(1500,3400) -> 1967 | E14: =C13+D13 -> 3500
A15: Сотрудник номер 14 | B15: {=INDEX($K$2:$K$6, RANDBETWEEN(1, COUNTA($K$2:$K$6)))} -> Бариста | C15: =VLOOKUP(B14, $K$2:$L$6, 2,0) -> 4000 | D15: =RANDBETWEEN(1500,3400) -> 1644 | E15: =C14+D14 -> 5967
A16: Сотрудник номер 15 | B16: {=INDEX($K$2:$K$6, RANDBETWEEN(1, COUNTA($K$2:$K$6)))} -> Админимстратор | C16: =VLOOKUP(B15, $K$2:$L$6, 2,0) -> 3000 | D16: =RANDBETWEEN(1500,3400) -> 1577 | E16: =C15+D15 -> 5644
A17: Сотрудник номер 16 | B17: {=INDEX($K$2:$K$6, RANDBETWEEN(1, COUNTA($K$2:$K$6)))} -> Админимстратор | C17: =VLOOKUP(B16, $K$2:$L$6, 2,0) -> 4000 | D17: =RANDBETWEEN(1500,3400) -> 3218 | E17: =C16+D16 -> 4577
A18: Сотрудник номер 17 | B18: {=INDEX($K$2:$K$6, RANDBETWEEN(1, COUNTA($K$2:$K$6)))} -> Курьер | C18: =VLOOKUP(B17, $K$2:$L$6, 2,0) -> 4000 | D18: =RANDBETWEEN(1500,3400) -> 1868 | E18: =C17+D17 -> 7218
... A31: Сотрудник номер 30 | B31: {=INDEX($K$2:$K$6, RANDBETWEEN(1, COUNTA($K$2:$K$6)))} -> Бариста | C31: =VLOOKUP(B30, $K$2:$L$6, 2,0) -> 1000 | D31: =RANDBETWEEN(1500,3400) -> 2079 | E31: =C30+D30 -> 5341

Sheet Итоги за год
A1: ФИО | B1: Январь | C1: Февраль | D1: Март | E1: Апрель | F1: Май | G1: Июнь | H1: Июль | I1: Август | J1: Сентябрь | K1: Октябрь | L1: Ноябрь | M1: Декабрь | N1: Итог
A2: Сотрудник номер 1 | B2: =Январь!E3 -> 4333 | C2: =Февраль!E3 -> 9225 | D2: =Март!E3 -> 7180 | E2: =Апрель!E3 -> 5593 | F2: =Май!E3 -> 11110 | G2: =Июнь!E3 -> 9703 | H2: =Июль!E3 -> 4589 | I2: =Август!E3 -> 5979 | J2: =Сентябрь!E3 -> 6375 | K2: =Октябрь!E3 -> 3500 | L2: =Ноябрь!E3 -> 6555 | M2: =Декабрь!E3 -> 6140 | N2: =SUM(B2:M2) -> 80282
A3: Сотрудник номер 2 | B3: =Январь!E4 -> 4333 | C3: =Февраль!E4 -> 9225 | D3: =Март!E4 -> 7180 | E3: =Апрель!E4 -> 5593 | F3: =Май!E4 -> 11110 | G3: =Июнь!E4 -> 9703 | H3: =Июль!E4 -> 4589 | I3: =Август!E4 -> 5979 | J3: =Сентябрь!E4 -> 6375 | K3: =Октябрь!E4 -> 3500 | L3: =Ноябрь!E4 -> 6555 | M3: =Декабрь!E4 -> 6140 | N3: =SUM(B3:M3) -> 80282
A4: Сотрудник номер 3 | B4: =Январь!E5 -> 3259 | C4: =Февраль!E5 -> 9657 | D4: =Март!E5 -> 6641 | E4: =Апрель!E5 -> 6273 | F4: =Май!E5 -> 9697 | G4: =Июнь!E5 -> 8480 | H4: =Июль!E5 -> 3888 | I4: =Август!E5 -> 5136 | J4: =Сентябрь!E5 -> 5030 | K4: =Октябрь!E5 -> 4239 | L4: =Ноябрь!E5 -> 5161 | M4: =Декабрь!E5 -> 6183 | N4: =SUM(B4:M4) -> 73644
A5: Сотрудник номер 4 | B5: =Январь!E6 -> 5585 | C5: =Февраль!E6 -> 9298 | D5: =Март!E6 -> 7381 | E5: =Апрель!E6 -> 6942 | F5: =Май!E6 -> 10917 | G5: =Июнь!E6 -> 8867 | H5: =Июль!E6 -> 5459 | I5: =Август!E6 -> 7140 | J5: =Сентябрь!E6 -> 7220 | K5: =Октябрь!E6 -> 6105 | L5: =Ноябрь!E6 -> 3530 | M5: =Декабрь!E6 -> 4713 | N5: =SUM(B5:M5) -> 83157
A6: Сотрудник номер 5 | B6: =Январь!E7 -> 3498 | C6: =Февраль!E7 -> 9167 | D6: =Март!E7 -> 5816 | E6: =Апрель!E7 -> 6906 | F6: =Май!E7 -> 10825 | G6: =Июнь!E7 -> 9089 | H6: =Июль!E7 -> 4629 | I6: =Август!E7 -> 7676 | J6: =Сентябрь!E7 -> 6681 | K6: =Октябрь!E7 -> 2736 | L6: =Ноябрь!E7 -> 4529 | M6: =Декабрь!E7 -> 5241 | N6: =SUM(B6:M6) -> 76793
A7: Сотрудник номер 6 | B7: =Январь!E8 -> 4093 | C7: =Февраль!E8 -> 7151 | D7: =Март!E8 -> 5723 | E7: =Апрель!E8 -> 5404 | F7: =Май!E8 -> 8721 | G7: =Июнь!E8 -> 5737 | H7: =Июль!E8 -> 4837 | I7: =Август!E8 -> 7459 | J7: =Сентябрь!E8 -> 4246 | K7: =Октябрь!E8 -> 2840 | L7: =Ноябрь!E8 -> 4179 | M7: =Декабрь!E8 -> 8285 | N7: =SUM(B7:M7) -> 68675
A8: Сотрудник номер 7 | B8: =Январь!E9 -> 5912 | C8: =Февраль!E9 -> 10322 | D8: =Март!E9 -> 4868 | E8: =Апрель!E9 -> 7286 | F8: =Май!E9 -> 9544 | G8: =Июнь!E9 -> 8103 | H8: =Июль!E9 -> 3995 | I8: =Август!E9 -> 4849 | J8: =Сентябрь!E9 -> 7139 | K8: =Октябрь!E9 -> 4440 | L8: =Ноябрь!E9 -> 4176 | M8: =Декабрь!E9 -> 7470 | N8: =SUM(B8:M8) -> 78104
A9: Сотрудник номер 8 | B9: =Январь!E10 -> 5724 | C9: =Февраль!E10 -> 8334 | D9: =Март!E10 -> 7853 | E9: =Апрель!E10 -> 8174 | F9: =Май!E10 -> 9571 | G9: =Июнь!E10 -> 5900 | H9: =Июль!E10 -> 6668 | I9: =Август!E10 -> 7678 | J9: =Сентябрь!E10 -> 5857 | K9: =Октябрь!E10 -> 3323 | L9: =Ноябрь!E10 -> 6346 | M9: =Декабрь!E10 -> 5574 | N9: =SUM(B9:M9) -> 81002
A10: Сотрудник номер 9 | B10: =Январь!E11 -> 3832 | C10: =Февраль!E11 -> 8149 | D10: =Март!E11 -> 6150 | E10: =Апрель!E11 -> 7882 | F10: =Май!E11 -> 9425 | G10: =Июнь!E11 -> 7881 | H10: =Июль!E11 -> 5467 | I10: =Август!E11 -> 4971 | J10: =Сентябрь!E11 -> 6950 | K10: =Октябрь!E11 -> 3265 | L10: =Ноябрь!E11 -> 4393 | M10: =Декабрь!E11 -> 7224 | N10: =SUM(B10:M10) -> 75589
A11: Сотрудник номер 10 | B11: =Январь!E12 -> 5100 | C11: =Февраль!E12 -> 6741 | D11: =Март!E12 -> 5146 | E11: =Апрель!E12 -> 7492 | F11: =Май!E12 -> 8049 | G11: =Июнь!E12 -> 5471 | H11: =Июль!E12 -> 6371 | I11: =Август!E12 -> 7625 | J11: =Сентябрь!E12 -> 4900 | K11: =Октябрь!E12 -> 6476 | L11: =Ноябрь!E12 -> 4486 | M11: =Декабрь!E12 -> 6249 | N11: =SUM(B11:M11) -> 74106
A12: Сотрудник номер 11 | B12: =Январь!E13 -> 4245 | C12: =Февраль!E13 -> 9892 | D12: =Март!E13 -> 6714 | E12: =Апрель!E13 -> 6308 | F12: =Май!E13 -> 10957 | G12: =Июнь!E13 -> 8080 | H12: =Июль!E13 -> 5424 | I12: =Август!E13 -> 7113 | J12: =Сентябрь!E13 -> 5590 | K12: =Октябрь!E13 -> 2999 | L12: =Ноябрь!E13 -> 3855 | M12: =Декабрь!E13 -> 6688 | N12: =SUM(B12:M12) -> 77865
A13: Сотрудник номер 12 | B13: =Январь!E14 -> 5217 | C13: =Февраль!E14 -> 6749 | D13: =Март!E14 -> 6236 | E13: =Апрель!E14 -> 5437 | F13: =Май!E14 -> 10784 | G13: =Июнь!E14 -> 7088 | H13: =Июль!E14 -> 5497 | I13: =Август!E14 -> 8421 | J13: =Сентябрь!E14 -> 6611 | K13: =Октябрь!E14 -> 4274 | L13: =Ноябрь!E14 -> 5215 | M13: =Декабрь!E14 -> 3500 | N13: =SUM(B13:M13) -> 75029
... A30: Сотрудник номер 29 | B30: =Январь!E31 -> 4231 | C30: =Февраль!E31 -> 8721 | D30: =Март!E31 -> 5322 | E30: =Апрель!E31 -> 5753 | F30: =Май!E31 -> 9995 | G30: =Июнь!E31 -> 9210 | H30: =Июль!E31 -> 6251 | I30: =Август!E31 -> 8319 | J30: =Сентябрь!E31 -> 4565 | K30: =Октябрь!E31 -> 4158 | L30: =Ноябрь!E31 -> 4091 | M30: =Декабрь!E31 -> 5341 | N30: =SUM(B30:M30) -> 75957
A31: Сотрудник номер 30 | B31: =Январь!E31 -> 4231 | C31: =Февраль!E31 -> 8721 | D31: =Март!E31 -> 5322 | E31: =Апрель!E31 -> 5753 | F31: =Май!E31 -> 9995 | G31: =Июнь!E31 -> 9210 | H31: =Июль!E31 -> 6251 | I31: =Август!E31 -> 8319 | J31: =Сентябрь!E31 -> 4565 | K31: =Октябрь!E31 -> 4158 | L31: =Ноябрь!E31 -> 4091 | M31: =Декабрь!E31 -> 5341 | N31: =SUM(B31:M31) -> 75957

Sheet Налоги
A1: ФИО | B1: Итоги за год | C1: Налоги
A2: Сотрудник номер 23 | B2: ='Итоги за год'!N24 -> 75804 | C2: =B2*0.13 -> 9854.52
A3: Сотрудник номер 17 | B3: ='Итоги за год'!N18 -> 69201 | C3: =B3*0.13 -> 8996.13
A4: Сотрудник номер 19 | B4: ='Итоги за год'!N20 -> 69504 | C4: =B4*0.13 -> 9035.52
A5: Сотрудник номер 1 | B5: ='Итоги за год'!N2 -> 80282 | C5: =B5*0.13 -> 10436.66
A6: Сотрудник номер 2 | B6: ='Итоги за год'!N3 -> 80282 | C6: =B6*0.13 -> 10436.66
A7: Сотрудник номер 3 | B7: ='Итоги за год'!N4 -> 73644 | C7: =B7*0.13 -> 9573.72
A8: Сотрудник номер 11 | B8: ='Итоги за год'!N12 -> 77865 | C8: =B8*0.13 -> 10122.45
A9: Сотрудник номер 9 | B9: ='Итоги за год'!N10 -> 75589 | C9: =B9*0.13 -> 9826.57
A10: Сотрудник номер 15 | B10: ='Итоги за год'!N16 -> 67850 | C10: =B10*0.13 -> 8820.5
A11: Сотрудник номер 12 | B11: ='Итоги за год'!N13 -> 75029 | C11: =B11*0.13 -> 9753.77
A12: Сотрудник номер 14 | B12: ='Итоги за год'!N15 -> 73607 | C12: =B12*0.13 -> 9568.91
A13: Сотрудник номер 28 | B13: ='Итоги за год'!N29 -> 70240 | C13: =B13*0.13 -> 9131.2
A14: Сотрудник номер 18 | B14: ='Итоги за год'!N19 -> 69971 | C14: =B14*0.13 -> 9096.23
A15: Сотрудник номер 6 | B15: ='Итоги за год'!N7 -> 68675 | C15: =B15*0.13 -> 8927.75
A16: Сотрудник номер 25 | B16: ='Итоги за год'!N26 -> 72670 | C16: =B16*0.13 -> 9447.1
A17: Сотрудник номер 26 | B17: ='Итоги за год'!N27 -> 78090 | C17: =B17*0.13 -> 10151.7
A18: Сотрудник номер 13 | B18: ='Итоги за год'!N14 -> 73326 | C18: =B18*0.13 -> 9532.38
A19: Сотрудник номер 20 | B19: ='Итоги за год'!N21 -> 74693 | C19: =B19*0.13 -> 9710.09
A20: Сотрудник номер 16 | B20: ='Итоги за год'!N17 -> 76360 | C20: =B20*0.13 -> 9926.8
A21: Сотрудник номер 22 | B21: ='Итоги за год'!N23 -> 79273 | C21: =B21*0.13 -> 10305.49
A22: Сотрудник номер 29 | B22: ='Итоги за год'!N30 -> 75957 | C22: =B22*0.13 -> 9874.41
A23: Сотрудник номер 7 | B23: ='Итоги за год'!N8 -> 78104 | C23: =B23*0.13 -> 10153.52
A24: Сотрудник номер 4 | B24: ='Итоги за год'!N5 -> 83157 | C24: =B24*0.13 -> 10810.41
A25: Сотрудник номер 21 | B25: ='Итоги за год'!N22 -> 75551 | C25: =B25*0.13 -> 9821.63
A26: Сотрудник номер 24 | B26: ='Итоги за год'!N25 -> 71734 | C26: =B26*0.13 -> 9325.42
A27: Сотрудник номер 8 | B27: ='Итоги за год'!N9 -> 81002 | C27: =B27*0.13 -> 10530.26
A28: Сотрудник номер 10 | B28: ='Итоги за год'!N11 -> 74106 | C28: =B28*0.13 -> 9633.78
A29: Сотрудник номер 27 | B29: ='Итоги за год'!N28 -> 70755 | C29: =B29*0.13 -> 9198.15
A30: Сотрудник номер 5 | B30: ='Итоги за год'!N6 -> 76793 | C30: =B30*0.13 -> 9983.09
A31: Сотрудник номер 30 | B31: ='Итоги за год'!N31 -> 75957 | C31: =B31*0.13 -> 9874.41
A32: Итого | B32: =SUM(B2:C31) -> 2536930.2 | C32: =SUM(C2:C31) -> 291859.23
